{
    "base_url":"https://github.com",
    "username":"maxime.coriton35@gmail.com",
    "password":"testtest22!!",
    "hashtags":["python","javascript"],
    "settings":{
        "headless":false
    },
    "selectors":{
        "sign_in":"//a[contains(text(),'Sign in')]",
        "username_field":"input[type='text']",
        "password_field":"input[type='password']",
        "login_button":"input[type='submit']",
        "text" : "#user_search_results > div.Box.border-0"
    }
}